"id","l_size","seed_size_std","age","observer","cross"
14,0.949725507960392,0.282220730901531,2,2,6
15,1.06263962820929,1.18114744211411,2,2,6
13,0.353469812989784,0.405602828518944,1,2,6
16,1.20507219976924,0.546610940081702,2,2,3
17,-0.515838165589535,0.68761905164446,1,2,3
20,1.8645451389537,1.62179779074773,3.9375,2,1
21,1.601002433613,0.969635274769974,2.89583333333337,2,1
18,1.80697643503292,1.55129373496635,3.9375,2,1
19,2.06635630213118,1.70992786047445,3.9375,2,1
24,0.955895986466515,-1.21599045445277,2.89583333333337,2,6
25,1.09225881469593,-0.510949896638981,3.9375,2,6
26,1.25276296849537,-0.54620192452967,2.89583333333337,2,6
34,1.36148924220092,0.68761905164446,3.9375,2,5
34,1.3326298365342,0.68761905164446,3.9375,1,5
38,0.815364813284194,0.775749121371183,2,2,1
40,1.05952489996006,-0.123177589841398,2,2,4
33,1.86050786638915,-1.1102343707807,3.9375,2,2
38,0.785270469435751,0.775749121371183,2,1,1
40,0.993251773010283,-0.123177589841398,2,1,4
33,1.83959679864222,-1.1102343707807,3.9375,1,2
56,0.198030850499135,1.44553765129428,2,2,6
58,0.953201085894252,0.95200926082463,2,2,6
57,1.11677959262356,0.123586605393428,2.89583333333337,2,6
42,1.0952733874026,0.65236702375377,2,2,1
44,2.23205532680352,3.77217149207978,3.9375,2,1
46,0.206200830583898,1.12826940027808,2,2,3
48,1.63549544675339,1.60417177680238,2.89583333333337,2,3
49,1.31881819599498,0.969635274769974,2.89583333333337,2,3
47,1.72097928716701,1.97431806965462,2.89583333333337,2,3
51,0.100749903100143,0.634741009808425,1,2,1
100,1.03175998168027,0.476106884300323,2,4,3
89,0.863733481135479,1.09301737238739,2,4,6
14,0.921875110168056,0.282220730901531,2,1,6
15,1.00978107496149,1.18114744211411,2,1,6
13,0.315540400580177,0.405602828518944,1,1,6
16,1.18478998490916,0.546610940081702,2,1,3
17,-0.424647927524938,0.68761905164446,1,1,3
20,1.83162100265319,1.62179779074773,3.9375,1,1
21,1.56339397393269,0.969635274769974,2.89583333333337,1,1
18,1.77444374701837,1.55129373496635,3.9375,1,1
19,2.05425193060618,1.70992786047445,3.9375,1,1
24,0.909870164071232,-1.21599045445277,2.89583333333337,1,6
25,1.04591449966766,-0.510949896638981,3.9375,1,6
26,1.2011688769932,-0.54620192452967,2.89583333333337,1,6
100,1.04168914126849,0.476106884300323,2,1,3
89,0.857813802115179,1.09301737238739,2,1,6
28,2.74624474690018,-0.510949896638981,12.8333333333333,1,5
29,2.67621547758219,-0.863470175545876,10.9791666666666,1,5
34,4.2281613307897,0.68761905164446,16.7291666666666,1,5
35,2.39315679117843,-0.845844161600531,9.75,1,5
36,3.12421343520253,-0.458071854802947,10.9791666666666,1,3
79,-0.295714244149045,-1.21599045445277,1,4,1
38,3.9302361348475,0.775749121371183,14.7916666666666,1,1
39,3.0627832608036,0.775749121371183,10.9791666666666,1,1
85,1.7404661748405,1.42791163734894,2.89583333333337,4,3
76,-0.336872316642553,-0.158429617732087,1,4,5
40,4.11341162493933,-0.123177589841398,14.7916666666666,1,4
41,3.11879026104584,-0.211307659568122,10.9791666666666,1,4
69,1.48478130783454,2.3973424043429,2.89583333333337,4,1
70,1.27228544450802,0.211716675120152,2.89583333333337,4,1
28,2.61921898739559,-0.387567799021568,9.75,1,4
33,4.49949851081405,-1.1102343707807,16.7291666666666,1,2
30,3.11506965614261,0.405602828518944,10.9791666666666,1,2
31,2.72444834691185,0.335098772737565,9.75,1,2
32,3.08580147064286,-0.140803603786743,12.8333333333333,1,2
65,1.16190002790403,-0.528575910584326,2.89583333333337,4,6
56,0.193920692637306,1.44553765129428,2,3,6
58,0.929799081898947,0.95200926082463,2,3,6
57,1.08451336428861,0.123586605393428,2.89583333333337,3,6
42,1.05012207950768,0.65236702375377,2,3,1
44,2.19733568227495,3.77217149207978,3.9375,3,1
46,0.202124184090134,1.12826940027808,2,3,3
48,1.65441127807683,1.60417177680238,2.89583333333337,3,3
49,1.30670988177705,0.969635274769974,2.89583333333337,3,3
47,1.7003749074262,1.97431806965462,2.89583333333337,3,3
51,-0.0212236364516267,0.634741009808425,1,3,1
69,1.49312879003372,2.3973424043429,2.89583333333337,3,1
70,1.3196202278519,0.211716675120152,2.89583333333337,3,1
65,1.19361939224644,-0.528575910584326,2.89583333333337,3,6
50,2.8567575212634,-0.599079966365705,10.9791666666666,1,2
52,3.15179540918558,1.04013933055135,10.9791666666666,1,2
45,2.4697084060301,0.440854856409633,10.9791666666666,1,2
46,3.11351530921037,-0.052673534060019,10.9791666666666,1,2
48,0.918288734536828,-0.176055631677432,2.85416666666663,1,2
54,2.75931349503975,0.211716675120152,10.9791666666666,1,4
53,1.80763281838435,-0.599079966365705,5.71875,1,4
55,3.26419329955866,-0.563827938475015,12.8333333333333,1,6
56,3.83241686911013,1.44553765129428,14.7916666666666,1,6
58,4.07254193626126,0.95200926082463,14.7916666666666,1,6
59,3.38922600988094,0.546610940081702,13.7916666666666,1,6
57,4.13257119169429,0.123586605393428,15.6875,1,6
79,-0.263965545834465,-1.21599045445277,1,3,1
85,1.71163342474877,1.42791163734894,2.89583333333337,3,3
76,-0.125563222975346,-0.158429617732087,1,3,5
60,2.45607841395115,0.264594716956186,9.75,1,5
62,1.97088146844793,-1.83290094253983,8.83333333333331,1,4
61,1.85457776162021,-0.440445840857602,9.75,1,4
63,0.759402976337011,0.564236954027047,10.9791666666666,1,5
42,4.1247120988385,0.65236702375377,14.7916666666666,1,1
43,3.24095037918651,-0.986852273163289,10.9791666666666,1,1
44,4.96300545648752,3.77217149207978,16.7291666666666,1,1
46,3.75908159414087,1.12826940027808,14.7916666666666,1,3
48,4.51817335434722,1.60417177680238,15.6875,1,3
49,4.22543130245081,0.969635274769974,15.6875,1,3
47,4.57992417029847,1.97431806965462,15.6875,1,3
51,3.55894159699954,0.634741009808425,13.7916666666666,1,1
50,2.88161127444929,-0.599079966365705,10.9791666666666,2,2
52,3.21152890220515,1.04013933055135,10.9791666666666,2,2
45,2.47173697573936,0.440854856409633,10.9791666666666,2,2
46,3.11413733793261,-0.052673534060019,10.9791666666666,2,2
48,0.893226792275603,-0.176055631677432,2.85416666666663,2,2
54,2.75931349503975,0.211716675120152,10.9791666666666,2,4
53,1.80927189431269,-0.599079966365705,5.71875,2,4
91,3.20111910327894,1.12826940027808,10.9791666666666,1,2
88,1.52431565901727,-0.704836050037773,5.71875,1,2
92,1.14613180463609,0.440854856409633,9.75,1,5
93,1.53449882576961,-0.757714091873807,5.71875,1,3
94,3.44998754583159,1.7275538744198,10.9791666666666,1,3
95,2.76354797758763,0.458480870354978,9.75,1,4
98,0.609765571620894,-0.176055631677432,2.85416666666663,1,1
97,2.811268423688,1.33978156762221,9.75,1,1
55,3.27755974120398,-0.563827938475015,12.8333333333333,2,6
56,3.83315294327036,1.44553765129428,14.7916666666666,2,6
58,4.09645899190595,0.95200926082463,14.7916666666666,2,6
59,3.41164263952369,0.546610940081702,13.7916666666666,2,6
57,4.15250340139563,0.123586605393428,15.6875,2,6
60,2.45907588975348,0.264594716956186,9.75,2,5
62,1.97782401230084,-1.83290094253983,8.83333333333331,2,4
61,1.87318583459025,-0.440445840857602,9.75,2,4
63,3.94667560832757,0.564236954027047,10.9791666666666,2,5
42,4.13810623166097,0.65236702375377,14.7916666666666,2,1
43,3.25913446073176,-0.986852273163289,10.9791666666666,2,1
44,4.97367389343997,3.77217149207978,16.7291666666666,2,1
46,3.83966734323601,1.12826940027808,14.7916666666666,2,3
48,4.52466487132844,1.60417177680238,15.6875,2,3
49,4.23110199557696,0.969635274769974,15.6875,2,3
47,4.59263190928999,1.97431806965462,15.6875,2,3
51,3.55928316594286,0.634741009808425,13.7916666666666,2,1
66,3.04818239855491,0.0178305217213599,10.9791666666666,2,4
68,2.96573687601859,-0.88109618949122,10.9791666666666,2,4
67,2.19422006831592,-0.246559687458811,10.9791666666666,2,4
69,4.56304525968742,2.3973424043429,15.6875,2,1
70,4.28530921517208,0.211716675120152,15.6875,2,1
72,2.37211115564266,-0.898722203436565,10.9791666666666,2,2
71,1.35635048474682,0.0530825496120494,5.71875,2,2
73,2.51154858073442,-0.264185701404155,9.75,2,5
99,3.15657479867082,-1.1102343707807,10.9791666666666,1,4
100,3.95126294916575,0.476106884300323,14.7916666666666,1,3
88,3.44839898314645,-1.07498234289001,10.9791666666666,1,6
89,3.92811286657709,1.09301737238739,14.7916666666666,1,6
90,3.86436519989861,1.26927751184083,12.8333333333333,1,6
75,2.36302146179788,1.32215555367687,13.7916666666666,2,1
74,1.22436349397367,1.35740758156756,16.7291666666666,2,1
64,1.55477051109179,0.282220730901531,10.9791666666666,2,4
65,4.4807514325741,-0.528575910584326,15.6875,2,6
79,3.57273881897912,-1.21599045445277,13.7916666666666,2,1
80,3.93409755974646,1.04013933055135,13.7916666666666,2,1
81,3.33423815520239,0.000204507776015175,10.9791666666666,2,6
82,1.74239413968273,0.0354565356667046,7,2,5
84,3.21470714799598,0.211716675120152,9.88541666666663,2,4
83,3.38024609490922,0.405602828518944,13.7916666666666,2,4
85,4.68293645839404,1.42791163734894,15.6875,2,3
86,3.00027195359602,0.158838633284118,10.9791666666666,2,2
87,3.07722009040026,-0.228933673513466,10.9791666666666,2,2
76,3.56317449773888,-0.158429617732087,13.7916666666666,2,5
77,3.34892114820789,0.669993037699115,10.9791666666666,2,6
3,3.2676278930739,-0.246559687458811,10.9791666666666,3,4
8,3.09058780456667,0.811001149261873,10.9791666666666,3,2
9,2.82529976115245,-0.986852273163289,10.9791666666666,3,2
4,3.44339443036194,0.722871079535149,12.8333333333333,3,2
6,3.13501584065638,0.211716675120152,10.9791666666666,3,2
7,3.12042471751131,-1.35699856601553,10.9791666666666,3,2
12,3.18308283036939,0.000204507776015175,10.9791666666666,3,5
10,2.99498199216329,-0.0350475201146743,9.75,3,5
11,3.21711427424854,1.04013933055135,9.75,3,5
14,3.99122228058938,0.282220730901531,14.7916666666666,3,6
15,4.20557282890781,1.18114744211411,14.7916666666666,3,6
13,3.94796913220162,0.405602828518944,13.7916666666666,3,6
16,4.18269115852067,0.546610940081702,14.7916666666666,3,3
17,3.82347590436318,0.68761905164446,13.7916666666666,3,3
20,4.5292174363552,1.62179779074773,16.7291666666666,3,1
21,4.4042650185951,0.969635274769974,15.6875,3,1
18,4.47820007812254,1.55129373496635,16.7291666666666,3,1
19,4.86452222595146,1.70992786047445,16.7291666666666,3,1
23,2.63769926500569,-1.02210430105398,10.9791666666666,3,4
22,3.32413633552569,0.246968703010841,10.9791666666666,3,4
24,4.06991524829893,-1.21599045445277,15.6875,3,6
27,3.04628279215189,-0.405193812966913,10.9791666666666,3,6
25,4.07551845797205,-0.510949896638981,16.7291666666666,3,6
26,4.26731699628995,-0.54620192452967,15.6875,3,6
1,3.03644226180178,-0.563827938475015,10.9791666666666,3,2
2,2.99237664974063,1.51604170707566,8.83333333333331,3,3
28,2.76600459436277,-0.510949896638981,12.8333333333333,3,5
29,2.67283744534647,-0.863470175545876,10.9791666666666,3,5
34,4.22172583154919,0.68761905164446,16.7291666666666,3,5
35,2.38167349931301,-0.845844161600531,9.75,3,5
36,3.13357934024612,-0.458071854802947,10.9791666666666,3,3
38,3.9304325059109,0.775749121371183,14.7916666666666,3,1
39,3.05626277329402,0.775749121371183,10.9791666666666,3,1
40,4.11615497648595,-0.123177589841398,14.7916666666666,3,4
41,3.12192429879175,-0.211307659568122,10.9791666666666,3,4
28,2.61943754274561,-0.387567799021568,9.75,3,4
33,4.49430566213993,-1.1102343707807,16.7291666666666,3,2
30,3.10368941505908,0.405602828518944,10.9791666666666,3,2
31,2.71117863577674,0.335098772737565,9.75,3,2
32,3.07431237367685,-0.140803603786743,12.8333333333333,3,2
91,3.24579035740908,1.12826940027808,10.9791666666666,4,2
88,1.54222916274065,-0.704836050037773,5.71875,4,2
92,1.02818982437156,0.440854856409633,9.75,4,5
93,1.54415244573547,-0.757714091873807,5.71875,4,3
94,3.43401946202938,1.7275538744198,10.9791666666666,4,3
95,2.75829961750534,0.458480870354978,9.75,4,4
66,3.04170895979402,0.0178305217213599,10.9791666666666,3,4
68,2.95485819434402,-0.88109618949122,10.9791666666666,3,4
67,2.17338715452236,-0.246559687458811,10.9791666666666,3,4
69,4.54724441898447,2.3973424043429,15.6875,3,1
70,4.24980866484617,0.211716675120152,15.6875,3,1
72,2.37192457107266,-0.898722203436565,10.9791666666666,3,2
71,1.38379123090177,0.0530825496120494,5.71875,3,2
73,2.48657192910706,-0.264185701404155,9.75,3,5
75,2.3410362793683,1.32215555367687,13.7916666666666,3,1
74,1.01740223324257,1.35740758156756,16.7291666666666,3,1
64,1.50895437385578,0.282220730901531,10.9791666666666,3,4
65,4.47763222538556,-0.528575910584326,15.6875,3,6
3,0.492865298388998,-0.246559687458811,1.09375,1,4
9,0.333611004340181,-0.986852273163289,1.09375,1,2
4,1.37851417380093,0.722871079535149,2.94791666666669,1,2
6,0.288181947493432,0.211716675120152,1.09375,1,2
12,0.771958360984235,0.000204507776015175,1.09375,1,5
14,1.93311434510926,0.282220730901531,4.90625,1,6
15,2.07317192866624,1.18114744211411,4.90625,1,6
13,1.80845269216972,0.405602828518944,3.90625,1,6
16,2.07455462010644,0.546610940081702,4.90625,1,3
17,1.62353803681288,0.68761905164446,3.90625,1,3
20,2.5046275744002,1.62179779074773,6.84375,1,1
21,2.39953029905052,0.969635274769974,5.80208333333337,1,1
18,2.36612311379803,1.55129373496635,6.84375,1,1
19,2.66590789090424,1.70992786047445,6.84375,1,1
98,0.495305812107954,-0.176055631677432,2.85416666666663,4,1
97,2.80825746151924,1.33978156762221,9.75,4,1
99,3.1725805458829,-1.1102343707807,10.9791666666666,4,4
88,3.46072336097618,-1.07498234289001,10.9791666666666,4,6
89,3.95312656030656,1.09301737238739,14.7916666666666,4,6
90,3.88828343854541,1.26927751184083,12.8333333333333,4,6
79,3.56634452105526,-1.21599045445277,13.7916666666666,4,1
80,3.93622769412496,1.04013933055135,13.7916666666666,4,1
81,3.29654032222468,0.000204507776015175,10.9791666666666,4,6
82,1.72419414973229,0.0354565356667046,7,4,5
84,3.2684656692082,0.211716675120152,9.88541666666663,4,4
83,3.4217187048829,0.405602828518944,13.7916666666666,4,4
85,4.68315847710003,1.42791163734894,15.6875,4,3
86,3.041899954399,0.158838633284118,10.9791666666666,4,2
87,3.07412747098136,-0.228933673513466,10.9791666666666,4,2
76,3.62025258706776,-0.158429617732087,13.7916666666666,4,5
77,3.36691644768528,0.669993037699115,10.9791666666666,4,6
3,3.2765407770626,-0.246559687458811,10.9791666666666,4,4
8,3.08985993627869,0.811001149261873,10.9791666666666,4,2
9,2.83103450151359,-0.986852273163289,10.9791666666666,4,2
4,3.44833538811956,0.722871079535149,12.8333333333333,4,2
5,0.802898044519065,0.246968703010841,8.83333333333331,4,2
6,3.14100076614523,0.211716675120152,10.9791666666666,4,2
7,3.1267605359604,-1.35699856601553,10.9791666666666,4,2
12,3.19883636953047,0.000204507776015175,10.9791666666666,4,5
10,3.00479111804234,-0.0350475201146743,9.75,4,5
11,3.22771662953368,1.04013933055135,9.75,4,5
14,3.99739303614565,0.282220730901531,14.7916666666666,4,6
15,4.21243866060457,1.18114744211411,14.7916666666666,4,6
13,3.96514662375042,0.405602828518944,13.7916666666666,4,6
16,4.18962443853698,0.546610940081702,14.7916666666666,4,3
17,3.82522251529123,0.68761905164446,13.7916666666666,4,3
20,4.54359261025527,1.62179779074773,16.7291666666666,4,1
21,4.41502611293699,0.969635274769974,15.6875,4,1
18,4.49791899524112,1.55129373496635,16.7291666666666,4,1
19,4.87254495381551,1.70992786047445,16.7291666666666,4,1
23,2.65745841498615,-1.02210430105398,10.9791666666666,4,4
22,3.34070400123319,0.246968703010841,10.9791666666666,4,4
24,4.07403980888174,-1.21599045445277,15.6875,4,6
27,3.04637785822288,-0.405193812966913,10.9791666666666,4,6
25,4.08311508027055,-0.510949896638981,16.7291666666666,4,6
26,4.26765340401928,-0.54620192452967,15.6875,4,6
1,3.04666300222253,-0.563827938475015,10.9791666666666,4,2
2,3.00637543365247,1.51604170707566,8.83333333333331,4,3
3,0.572108852182889,-0.246559687458811,1.09375,3,4
9,0.266203040774657,-0.986852273163289,1.09375,3,2
4,1.39376637595859,0.722871079535149,2.94791666666669,3,2
6,0.303801454331664,0.211716675120152,1.09375,3,2
12,0.783444818540726,0.000204507776015175,1.09375,3,5
14,1.93658105376679,0.282220730901531,4.90625,3,6
15,2.08143954434251,1.18114744211411,4.90625,3,6
13,1.82341962195592,0.405602828518944,3.90625,3,6
16,2.08691355651854,0.546610940081702,4.90625,3,3
17,1.62037785247243,0.68761905164446,3.90625,3,3
20,2.49559927932674,1.62179779074773,6.84375,3,1
21,2.38747756001201,0.969635274769974,5.80208333333337,3,1
18,2.37490575457367,1.55129373496635,6.84375,3,1
19,2.71277236743754,1.70992786047445,6.84375,3,1
23,-0.155484902840395,-1.02210430105398,1.09375,3,4
22,0.660623988854385,0.246968703010841,1.09375,3,4
24,1.81515042201863,-1.21599045445277,5.80208333333337,3,6
27,0.745265134822052,-0.405193812966913,1.09375,3,6
25,1.78507048107726,-0.510949896638981,6.84375,3,6
26,2.00512200868716,-0.54620192452967,5.80208333333337,3,6
1,0.523544396173765,-0.563827938475015,1.09375,3,2
28,0.610851937833115,-0.510949896638981,2.94791666666669,2,5
29,0.362557607096888,-0.863470175545876,1.09375,2,5
34,2.01062722567948,0.68761905164446,6.84375,2,5
36,-0.423120043346885,-0.458071854802947,1.09375,2,3
38,1.75024278902512,0.775749121371183,4.90625,2,1
39,0.370183293963525,0.775749121371183,1.09375,2,1
40,1.89551870351891,-0.123177589841398,4.90625,2,4
33,2.49675287207168,-1.1102343707807,6.84375,2,2
30,0.640800700187736,0.405602828518944,1.09375,2,2
32,1.15373158788919,-0.140803603786743,2.94791666666669,2,2
50,-0.260066905418808,-0.599079966365705,1.09375,2,2
52,0.698632110790515,1.04013933055135,1.09375,2,2
46,0.467500499027617,-0.052673534060019,1.09375,2,2
55,1.11874165996328,-0.563827938475015,2.94791666666669,2,6
56,1.94304891677428,1.44553765129428,4.90625,2,6
58,1.86206259307048,0.95200926082463,4.90625,2,6
59,1.24530666781891,0.546610940081702,3.90625,2,6
57,1.99456424954673,0.123586605393428,5.80208333333337,2,6
42,1.98265527299214,0.65236702375377,4.90625,2,1
43,0.447885823992117,-0.986852273163289,1.09375,2,1
44,2.91971478713008,3.77217149207978,6.84375,2,1
46,1.71541823597133,1.12826940027808,4.90625,2,3
48,2.47813376550057,1.60417177680238,5.80208333333337,2,3
49,2.13286381817583,0.969635274769974,5.80208333333337,2,3
47,2.52107784609283,1.97431806965462,5.80208333333337,2,3
51,1.4607058586337,0.634741009808425,3.90625,2,1
79,1.34755353280346,-1.21599045445277,3.90625,2,1
80,1.81710227689985,1.04013933055135,3.90625,2,1
81,1.0591782194227,0.000204507776015175,1.09375,2,6
85,2.56725439113675,1.42791163734894,5.80208333333337,2,3
86,0.311886761148598,0.158838633284118,1.09375,2,2
76,1.50917549049571,-0.158429617732087,3.90625,2,5
77,0.688134638736401,0.669993037699115,1.09375,2,6
66,-0.199671195129068,0.0178305217213599,1.09375,3,4
68,0.458689869345462,-0.88109618949122,1.09375,3,4
69,2.43685371379908,2.3973424043429,5.80208333333337,3,1
70,2.09752700922622,0.211716675120152,5.80208333333337,3,1
72,-0.512493680866688,-0.898722203436565,1.09375,3,2
65,2.33795223683134,-0.528575910584326,5.80208333333337,3,6
28,0.546964670381864,-0.510949896638981,2.94791666666669,4,5
34,1.98554286523578,0.68761905164446,6.84375,4,5
38,1.70365658767308,0.775749121371183,4.90625,4,1
39,0.221542269947236,0.775749121371183,1.09375,4,1
40,1.86314946531473,-0.123177589841398,4.90625,4,4
33,2.45702144629846,-1.1102343707807,6.84375,4,2
30,0.525320069916443,0.405602828518944,1.09375,4,2
66,-0.502526820951296,0.0178305217213599,1.09375,4,4
68,0.414755155015257,-0.88109618949122,1.09375,4,4
69,2.4270126713691,2.3973424043429,5.80208333333337,4,1
70,2.06356619252155,0.211716675120152,5.80208333333337,4,1
72,-0.558616287602339,-0.898722203436565,1.09375,4,2
75,0.182321556793955,1.32215555367687,3.90625,4,1
65,2.32464008377488,-0.528575910584326,5.80208333333337,4,6
91,0.75377180237638,1.12826940027808,1.09375,3,2
94,1.32734021827622,1.7275538744198,1.09375,3,3
99,0.784358060613329,-1.1102343707807,1.09375,3,4
100,1.81840140017448,0.476106884300323,4.90625,3,3
88,0.726581956646183,-1.07498234289001,1.09375,3,6
89,1.86686694171486,1.09301737238739,4.90625,3,6
90,1.57152833936088,1.26927751184083,2.94791666666669,3,6
79,1.29964655439422,-1.21599045445277,3.90625,4,1
80,1.79075896889447,1.04013933055135,3.90625,4,1
3,1.82503304599098,-0.246559687458811,3.97916666666663,2,4
8,1.92687294303523,0.811001149261873,3.97916666666663,2,2
9,1.52038809560059,-0.986852273163289,3.97916666666663,2,2
4,2.13120347623843,0.722871079535149,5.83333333333331,2,2
6,1.45325182924477,0.211716675120152,3.97916666666663,2,2
7,1.83959679864222,-1.35699856601553,3.97916666666663,2,2
12,1.78574139690249,0.000204507776015175,3.97916666666663,2,5
10,1.61958624348592,-0.0350475201146743,2.75,2,5
11,1.7573405423576,1.04013933055135,2.75,2,5
14,2.60009372626356,0.282220730901531,7.79166666666663,2,6
15,2.80481386953452,1.18114744211411,7.79166666666663,2,6
13,2.51357508813569,0.405602828518944,6.79166666666663,2,6
16,2.73118061849106,0.546610940081702,7.79166666666663,2,3
17,2.31322825309253,0.68761905164446,6.79166666666663,2,3
20,3.2422016501717,1.62179779074773,9.72916666666663,2,1
21,3.08935921933262,0.969635274769974,8.6875,2,1
18,3.10135275541767,1.55129373496635,9.72916666666663,2,1
19,3.45524355007924,1.70992786047445,9.72916666666663,2,1
23,1.3299885249088,-1.02210430105398,3.97916666666663,2,4
22,1.98044959247289,0.246968703010841,3.97916666666663,2,4
81,1.00759289028094,0.000204507776015175,1.09375,4,6
85,2.52732736567195,1.42791163734894,5.80208333333337,4,3
86,0.275356422761144,0.158838633284118,1.09375,4,2
76,1.42767619889866,-0.158429617732087,3.90625,4,5
77,0.599385800745471,0.669993037699115,1.09375,4,6
24,2.56840491858869,-1.21599045445277,8.6875,2,6
27,1.6902803002782,-0.405193812966913,3.97916666666663,2,6
25,2.59637348387759,-0.510949896638981,9.72916666666663,2,6
26,2.79557255863016,-0.54620192452967,8.6875,2,6
1,1.68824909285839,-0.563827938475015,3.97916666666663,2,2
2,1.1049256507247,1.51604170707566,1.83333333333331,2,3
50,1.41633848246827,-0.599079966365705,3.97916666666663,2,2
52,1.83609528304811,1.04013933055135,3.97916666666663,2,2
45,1.09259421634255,0.440854856409633,3.97916666666663,2,2
46,1.72365905652412,-0.052673534060019,3.97916666666663,2,2
54,1.461169895765,0.211716675120152,3.97916666666663,2,4
55,1.8213182714696,-0.563827938475015,5.83333333333331,2,6
56,2.67041755962866,1.44553765129428,7.79166666666663,2,6
58,2.57968638590164,0.95200926082463,7.79166666666663,2,6
59,1.9456243939455,0.546610940081702,6.79166666666663,2,6
57,2.6822536460582,0.123586605393428,8.6875,2,6
60,1.02496574849981,0.264594716956186,2.75,2,5
62,0.400117501781569,-1.83290094253983,1.83333333333331,2,4
61,0.413433277757341,-0.440445840857602,2.75,2,4
42,2.65900000312692,0.65236702375377,7.79166666666663,2,1
43,1.72187334176389,-0.986852273163289,3.97916666666663,2,1
44,3.58991510596135,3.77217149207978,9.72916666666663,2,1
46,2.38600670113312,1.12826940027808,7.79166666666663,2,3
48,3.17680304844629,1.60417177680238,8.6875,2,3
49,2.83191838831578,0.969635274769974,8.6875,2,3
47,3.21995524208777,1.97431806965462,8.6875,2,3
51,2.23065935342246,0.634741009808425,6.79166666666663,2,1
79,2.06102295615582,-1.21599045445277,6.79166666666663,2,1
80,2.44677201330654,1.04013933055135,6.79166666666663,2,1
81,1.85832718016673,0.000204507776015175,3.97916666666663,2,6
83,1.8509713288599,0.405602828518944,6.79166666666663,2,4
85,3.27966984410079,1.42791163734894,8.6875,2,3
86,1.592901943794,0.158838633284118,3.97916666666663,2,2
87,1.58124417806332,-0.228933673513466,3.97916666666663,2,2
76,2.16447179086441,-0.158429617732087,6.79166666666663,2,5
77,2.06038613514468,0.669993037699115,3.97916666666663,2,6
28,1.32362076659183,-0.510949896638981,5.83333333333331,4,5
29,1.30670988177705,-0.863470175545876,3.97916666666663,4,5
34,2.70109272053471,0.68761905164446,9.72916666666663,4,5
35,0.778866055962483,-0.845844161600531,2.75,4,5
36,1.65651231982003,-0.458071854802947,3.97916666666663,4,3
38,2.41618159957659,0.775749121371183,7.79166666666663,4,1
39,1.54115907168081,0.775749121371183,3.97916666666663,4,1
40,2.55738233811005,-0.123177589841398,7.79166666666663,4,4
41,1.69009581545155,-0.211307659568122,3.97916666666663,4,4
28,1.24242399070019,-0.387567799021568,2.75,4,4
33,3.13757899778223,-1.1102343707807,9.72916666666663,4,2
30,1.70347455436048,0.405602828518944,3.97916666666663,4,2
31,1.27647949511268,0.335098772737565,2.75,4,2
32,1.72115816204451,-0.140803603786743,5.83333333333331,4,2
66,1.6110366337978,0.0178305217213599,3.97916666666663,4,4
68,1.57588112890526,-0.88109618949122,3.97916666666663,4,4
67,0.706556867469863,-0.246559687458811,3.97916666666663,4,4
69,3.08822029298914,2.3973424043429,8.6875,4,1
70,2.74212951475507,0.211716675120152,8.6875,4,1
72,1.01631704594128,-0.898722203436565,3.97916666666663,4,2
73,1.01378035315141,-0.264185701404155,2.75,4,5
75,1.00795792039998,1.32215555367687,6.79166666666663,4,1
64,0.0953101798043249,0.282220730901531,3.97916666666663,4,4
65,3.04908344905099,-0.528575910584326,8.6875,4,6
91,1.85442123035277,1.12826940027808,3.97916666666663,4,2
92,0.858237800425538,0.440854856409633,2.75,4,5
94,2.1933281070571,1.7275538744198,3.97916666666663,4,3
95,1.38027628879433,0.458480870354978,2.75,4,4
97,1.13043390099107,1.33978156762221,2.75,4,1
99,1.77240674071224,-1.1102343707807,3.97916666666663,4,4
100,2.49171674171655,0.476106884300323,7.79166666666663,4,3
88,1.9107269882921,-1.07498234289001,3.97916666666663,4,6
89,2.56871150248011,1.09301737238739,7.79166666666663,4,6
90,2.42294258965778,1.26927751184083,5.83333333333331,4,6
28,1.78523825223779,-0.510949896638981,7.82291666666669,2,5
29,1.75958057086382,-0.863470175545876,5.96875,2,5
34,3.14389362453451,0.68761905164446,11.71875,2,5
35,1.39574951989065,-0.845844161600531,4.73958333333337,2,5
36,2.07115732209214,-0.458071854802947,5.96875,2,3
38,2.89419776272969,0.775749121371183,9.78125,2,1
39,2.00727399337777,0.775749121371183,5.96875,2,1
40,2.94942652067748,-0.123177589841398,9.78125,2,4
41,2.08877286910872,-0.211307659568122,5.96875,2,4
28,1.66335775442353,-0.387567799021568,4.73958333333337,2,4
33,3.54809323734882,-1.1102343707807,11.71875,2,2
30,2.13013465599535,0.405602828518944,5.96875,2,2
31,1.75509548485646,0.335098772737565,4.73958333333337,2,2
32,2.10936435533109,-0.140803603786743,7.82291666666669,2,2
50,1.809435654241,-0.599079966365705,5.96875,2,2
52,2.21920348405499,1.04013933055135,5.96875,2,2
45,1.56548602490492,0.440854856409633,5.96875,2,2
46,2.08106522279593,-0.052673534060019,5.96875,2,2
54,1.78086702806163,0.211716675120152,5.96875,2,4
53,0.801104322065038,-0.599079966365705,0.708333333333371,2,4
55,2.19944433407453,-0.563827938475015,7.82291666666669,2,6
56,2.89087163293782,1.44553765129428,9.78125,2,6
58,2.95251157109943,0.95200926082463,9.78125,2,6
59,2.36160843344351,0.546610940081702,8.78125,2,6
57,3.01930230506642,0.123586605393428,10.6770833333334,2,6
60,1.40388866952084,0.264594716956186,4.73958333333337,2,5
62,0.927823967687828,-1.83290094253983,3.82291666666669,2,4
61,0.757529439489213,-0.440445840857602,4.73958333333337,2,4
63,0.485507815781701,0.564236954027047,5.96875,2,5
42,3.07629792139356,0.65236702375377,9.78125,2,1
43,2.05399552034836,-0.986852273163289,5.96875,2,1
44,3.988854408532,3.77217149207978,11.71875,2,1
46,2.71091276671569,1.12826940027808,9.78125,2,3
48,3.55674708240312,1.60417177680238,10.6770833333334,2,3
49,3.20441172225738,0.969635274769974,10.6770833333334,2,3
47,3.57355277414426,1.97431806965462,10.6770833333334,2,3
51,2.54749013608977,0.634741009808425,8.78125,2,1
79,2.4558210688929,-1.21599045445277,8.78125,2,1
80,2.79490045400094,1.04013933055135,8.78125,2,1
81,2.23633844717512,0.000204507776015175,5.96875,2,6
82,1.01050940711314,0.0354565356667046,1.98958333333337,2,5
83,2.36255067416148,0.405602828518944,8.78125,2,4
85,3.65720817215747,1.42791163734894,10.6770833333334,2,3
86,1.99850259917448,0.158838633284118,5.96875,2,2
87,1.94548148576376,-0.228933673513466,5.96875,2,2
76,2.51592070331717,-0.158429617732087,8.78125,2,5
77,2.35185133429696,0.669993037699115,5.96875,2,6
28,1.32707500145992,-0.510949896638981,5.83333333333331,3,5
29,1.31828315050335,-0.863470175545876,3.97916666666663,3,5
34,2.7023003691216,0.68761905164446,9.72916666666663,3,5
35,0.814922237485866,-0.845844161600531,2.75,3,5
36,1.68917288045295,-0.458071854802947,3.97916666666663,3,3
37,-0.108699416923341,1.67467583258376,1.83333333333331,3,1
38,2.42833629829961,0.775749121371183,7.79166666666663,3,1
39,1.55477051109179,0.775749121371183,3.97916666666663,3,1
40,2.54999189644393,-0.123177589841398,7.79166666666663,3,4
41,1.70128756606398,-0.211307659568122,3.97916666666663,3,4
28,1.26440917312977,-0.387567799021568,2.75,3,4
33,3.16804558115088,-1.1102343707807,9.72916666666663,3,2
30,1.73254010956808,0.405602828518944,3.97916666666663,3,2
31,1.30318445439688,0.335098772737565,2.75,3,2
32,1.74693642561973,-0.140803603786743,5.83333333333331,3,2
50,1.39525410249136,-0.599079966365705,3.97916666666663,3,2
52,1.83721073213197,1.04013933055135,3.97916666666663,3,2
45,1.06263962820929,0.440854856409633,3.97916666666663,3,2
46,1.71289662080233,-0.052673534060019,3.97916666666663,3,2
54,1.40437982866628,0.211716675120152,3.97916666666663,3,4
55,1.78590905554988,-0.563827938475015,5.83333333333331,3,6
56,2.62980032978115,1.44553765129428,7.79166666666663,3,6
58,2.54717697551412,0.95200926082463,7.79166666666663,3,6
59,1.91323936676576,0.546610940081702,6.79166666666663,3,6
57,2.65077413328248,0.123586605393428,8.6875,3,6
60,0.976444654693902,0.264594716956186,2.75,3,5
62,0.335042643811618,-1.83290094253983,1.83333333333331,3,4
61,0.453620149995212,-0.440445840857602,2.75,3,4
63,0.379805361327587,0.564236954027047,3.97916666666663,3,5
42,2.62350849922563,0.65236702375377,7.79166666666663,3,1
43,1.67728345932917,-0.986852273163289,3.97916666666663,3,1
44,3.54930124485881,3.77217149207978,9.72916666666663,3,1
46,2.34765405636162,1.12826940027808,7.79166666666663,3,3
48,3.15115357437182,1.60417177680238,8.6875,3,3
49,2.80970385482871,0.969635274769974,8.6875,3,3
47,3.18233631407725,1.97431806965462,8.6875,3,3
51,2.1933281070571,0.634741009808425,6.79166666666663,3,1
50,2.23996473101238,-0.599079966365705,8.14583333333331,2,2
52,2.60712428251225,1.04013933055135,8.14583333333331,2,2
45,1.95075553405179,0.440854856409633,8.14583333333331,2,2
46,2.49872736880531,-0.052673534060019,8.14583333333331,2,2
54,2.14347212133697,0.211716675120152,8.14583333333331,2,4
53,1.23576212681534,-0.599079966365705,2.88541666666669,2,4
55,2.6487247350174,-0.563827938475015,10,2,6
56,3.36442965746994,1.44553765129428,11.9583333333333,2,6
58,3.40282938255728,0.95200926082463,11.9583333333333,2,6
59,2.74592385353029,0.546610940081702,10.9583333333333,2,6
57,3.51779452924597,0.123586605393428,12.8541666666667,2,6
60,1.70783423429029,0.264594716956186,6.91666666666669,2,5
62,1.3004641045147,-1.83290094253983,6,2,4
61,1.18936665193657,-0.440445840857602,6.91666666666669,2,4
63,0.657001733923592,0.564236954027047,8.14583333333331,2,5
42,3.49529470504127,0.65236702375377,11.9583333333333,2,1
43,2.5408142817263,-0.986852273163289,8.14583333333331,2,1
44,4.42789587041565,3.77217149207978,13.8958333333333,2,1
46,3.09449104557725,1.12826940027808,11.9583333333333,2,3
48,4.01483226940928,1.60417177680238,12.8541666666667,2,3
49,3.66867674679642,0.969635274769974,12.8541666666667,2,3
47,4.03207901148458,1.97431806965462,12.8541666666667,2,3
51,2.93926773657286,0.634741009808425,10.9583333333333,2,1
91,2.59883039610631,1.12826940027808,8.14583333333331,2,2
88,0.98394938034797,-0.704836050037773,2.88541666666669,2,2
92,0.953586516617852,0.440854856409633,6.91666666666669,2,5
93,0.811818710277444,-0.757714091873807,2.88541666666669,2,3
94,2.87841163097745,1.7275538744198,8.14583333333331,2,3
95,2.18132100550101,0.458480870354978,6.91666666666669,2,4
97,2.24622635932466,1.33978156762221,6.91666666666669,2,1
99,2.56763804738546,-1.1102343707807,8.14583333333331,2,4
100,3.36068783832395,0.476106884300323,11.9583333333333,2,3
88,2.76455655054252,-1.07498234289001,8.14583333333331,2,6
89,3.33626767290957,1.09301737238739,11.9583333333333,2,6
90,3.25667244756277,1.26927751184083,10,2,6
3,2.61637341253031,-0.246559687458811,8.14583333333331,2,4
8,2.50617878506354,0.811001149261873,8.14583333333331,2,2
9,2.19589035432308,-0.986852273163289,8.14583333333331,2,2
4,2.85087989687451,0.722871079535149,10,2,2
6,2.51866374658613,0.211716675120152,8.14583333333331,2,2
7,2.51317011506086,-1.35699856601553,8.14583333333331,2,2
12,2.56648663678042,0.000204507776015175,8.14583333333331,2,5
10,2.38222772064624,-0.0350475201146743,6.91666666666669,2,5
11,2.57748583108109,1.04013933055135,6.91666666666669,2,5
14,3.40405994727563,0.282220730901531,11.9583333333333,2,6
15,3.59253373832725,1.18114744211411,11.9583333333333,2,6
13,3.3536863989911,0.405602828518944,10.9583333333333,2,6
16,3.56314614864817,0.546610940081702,11.9583333333333,2,3
17,3.17888681665184,0.68761905164446,10.9583333333333,2,3
20,4.07670659036792,1.62179779074773,13.8958333333333,2,1
21,3.85765129336081,0.969635274769974,12.8541666666667,2,1
18,3.95247373103663,1.55129373496635,13.8958333333333,2,1
19,4.30342975628527,1.70992786047445,13.8958333333333,2,1
23,2.06534261730033,-1.02210430105398,8.14583333333331,2,4
22,2.72471064199532,0.246968703010841,8.14583333333331,2,4
24,3.42276315957672,-1.21599045445277,12.8541666666667,2,6
27,2.40901503660989,-0.405193812966913,8.14583333333331,2,6
25,3.51133646177296,-0.510949896638981,13.8958333333333,2,6
26,3.64330660881918,-0.54620192452967,12.8541666666667,2,6
1,2.4048708865348,-0.563827938475015,8.14583333333331,2,2
2,2.42692436724965,1.51604170707566,6,2,3
79,2.04446182278381,-1.21599045445277,6.79166666666663,3,1
80,2.43071442070457,1.04013933055135,6.79166666666663,3,1
81,1.82985775782671,0.000204507776015175,3.97916666666663,3,6
84,1.71972626632822,0.211716675120152,2.88541666666663,3,4
85,3.24633533776435,1.42791163734894,8.6875,3,3
86,1.5688242295488,0.158838633284118,3.97916666666663,3,2
87,1.55856558206034,-0.228933673513466,3.97916666666663,3,2
76,2.12596723911677,-0.158429617732087,6.79166666666663,3,5
77,2.00485268468876,0.669993037699115,3.97916666666663,3,6
28,1.75509548485646,-0.510949896638981,7.83333333333331,4,5
29,1.72187334176389,-0.863470175545876,5.97916666666663,4,5
34,3.14035196316393,0.68761905164446,11.7291666666666,4,5
35,1.37118072330984,-0.845844161600531,4.75,4,5
36,1.99850259917448,-0.458071854802947,5.97916666666663,4,3
38,2.85451427163845,0.775749121371183,9.79166666666663,4,1
39,1.97074212475649,0.775749121371183,5.97916666666663,4,1
40,2.91787883434913,-0.123177589841398,9.79166666666663,4,4
41,2.05821790522821,-0.211307659568122,5.97916666666663,4,4
28,1.6064334034138,-0.387567799021568,4.75,4,4
33,3.51416886032132,-1.1102343707807,11.7291666666666,4,2
30,2.09506879756553,0.405602828518944,5.97916666666663,4,2
31,1.70347455436048,0.335098772737565,4.75,4,2
32,2.07266865739241,-0.140803603786743,7.83333333333331,4,2
66,1.95529454893695,0.0178305217213599,5.97916666666663,4,4
68,1.94032314218653,-0.88109618949122,5.97916666666663,4,4
67,1.18142039985542,-0.246559687458811,5.97916666666663,4,4
69,3.51616163346268,2.3973424043429,10.6875,4,1
70,3.14039522979455,0.211716675120152,10.6875,4,1
72,1.32654435671412,-0.898722203436565,5.97916666666663,4,2
73,1.38303906839922,-0.264185701404155,4.75,4,5
75,1.34312586571851,1.32215555367687,8.79166666666663,4,1
64,0.616266136223988,0.282220730901531,5.97916666666663,4,4
65,3.39692158679937,-0.528575910584326,10.6875,4,6
79,2.43256016941579,-1.21599045445277,8.79166666666663,4,1
80,2.78482603990426,1.04013933055135,8.79166666666663,4,1
81,2.22256738500801,0.000204507776015175,5.97916666666663,4,6
82,0.8754687373539,0.0354565356667046,2,4,5
84,2.08380699918948,0.211716675120152,4.88541666666663,4,4
83,2.33165834047975,0.405602828518944,8.79166666666663,4,4
85,3.62798760909656,1.42791163734894,10.6875,4,3
86,1.95416172525308,0.158838633284118,5.97916666666663,4,2
87,1.92351845874041,-0.228933673513466,5.97916666666663,4,2
76,2.48440652474632,-0.158429617732087,8.79166666666663,4,5
77,2.31431601586974,0.669993037699115,5.97916666666663,4,6
28,3.0243197304059,-0.510949896638981,13.8020833333333,2,5
29,2.88725579721791,-0.863470175545876,11.9479166666666,2,5
34,4.40809634740693,0.68761905164446,17.6979166666666,2,5
35,2.67145537063266,-0.845844161600531,10.71875,2,5
36,3.31476765366377,-0.458071854802947,11.9479166666666,2,3
37,0.930193637043147,1.67467583258376,9.80208333333331,2,1
38,4.15917991430101,0.775749121371183,15.7604166666666,2,1
39,3.31320370419152,0.775749121371183,11.9479166666666,2,1
28,2.18075638462891,-0.510949896638981,10,4,5
29,2.15686543864464,-0.863470175545876,8.14583333333331,4,5
34,3.5945962467928,0.68761905164446,13.8958333333333,4,5
35,1.82212700584445,-0.845844161600531,6.91666666666669,4,5
36,2.49946680111933,-0.458071854802947,8.14583333333331,4,3
38,3.33786701929566,0.775749121371183,11.9583333333333,4,1
39,2.42356301954695,0.775749121371183,8.14583333333331,4,1
40,3.46489179664234,-0.123177589841398,11.9583333333333,4,4
41,2.48206929496784,-0.211307659568122,8.14583333333331,4,4
28,2.06888602774032,-0.387567799021568,6.91666666666669,4,4
33,4.0074240901914,-1.1102343707807,13.8958333333333,4,2
30,2.55272104937186,0.405602828518944,8.14583333333331,4,2
31,2.16848210847057,0.335098772737565,6.91666666666669,4,2
32,2.48022906023689,-0.140803603786743,10,4,2
68,2.42365162097349,-0.88109618949122,8.14583333333331,4,4
67,1.46325540225602,-0.246559687458811,8.14583333333331,4,4
69,4.0036536969376,2.3973424043429,12.8541666666667,4,1
70,3.61587856122945,0.211716675120152,12.8541666666667,4,1
72,1.7652443635723,-0.898722203436565,8.14583333333331,4,2
73,1.90136097914314,-0.264185701404155,6.91666666666669,4,5
75,1.74989526512936,1.32215555367687,10.9583333333333,4,1
64,0.925052237542728,0.282220730901531,8.14583333333331,4,4
65,3.88953196759261,-0.528575910584326,12.8541666666667,4,6
79,2.90235522404869,-1.21599045445277,10.9583333333333,4,1
80,3.24761876040041,1.04013933055135,10.9583333333333,4,1
81,2.65801926749665,0.000204507776015175,8.14583333333331,4,6
82,1.2977363341381,0.0354565356667046,4.16666666666669,4,5
84,2.53923699433305,0.211716675120152,7.05208333333331,4,4
83,2.72030809849771,0.405602828518944,10.9583333333333,4,4
85,4.07995824022602,1.42791163734894,12.8541666666667,4,3
86,2.39825884306233,0.158838633284118,8.14583333333331,4,2
87,2.37229770540535,-0.228933673513466,8.14583333333331,4,2
76,2.94879788636478,-0.158429617732087,10.9583333333333,4,5
77,2.83068072792499,0.669993037699115,8.14583333333331,4,6
3,3.50693782513827,-0.246559687458811,11.9479166666666,4,4
8,3.31305809609546,0.811001149261873,11.9479166666666,4,2
9,2.99142300196589,-0.986852273163289,11.9479166666666,4,2
4,3.68572448242063,0.722871079535149,13.8020833333333,4,2
5,0.999528330444211,0.246968703010841,9.80208333333331,4,2
6,3.39128171687478,0.211716675120152,11.9479166666666,4,2
7,3.36936265814214,-1.35699856601553,11.9479166666666,4,2
40,4.39555964895647,-0.123177589841398,15.7604166666666,2,4
41,3.45128828680273,-0.211307659568122,11.9479166666666,2,4
28,2.90755658265027,-0.387567799021568,10.71875,2,4
33,4.75367639428732,-1.1102343707807,17.6979166666666,2,2
30,3.40747761961931,0.405602828518944,11.9479166666666,2,2
31,2.95740715923232,0.335098772737565,10.71875,2,2
32,3.35661833826419,-0.140803603786743,13.8020833333333,2,2
50,3.1271990362963,-0.599079966365705,11.9479166666666,2,2
52,3.41602031055379,1.04013933055135,11.9479166666666,2,2
45,2.79116510781272,0.440854856409633,11.9479166666666,2,2
46,3.38699703226101,-0.052673534060019,11.9479166666666,2,2
48,1.29855544681188,-0.176055631677432,3.82291666666663,2,2
54,2.93826204639944,0.211716675120152,11.9479166666666,2,4
53,2.09161711760997,-0.599079966365705,6.6875,2,4
55,3.57268265971142,-0.563827938475015,13.8020833333333,2,6
56,4.24211780651153,1.44553765129428,15.7604166666666,2,6
58,4.28125280628753,0.95200926082463,15.7604166666666,2,6
59,3.68532313791116,0.546610940081702,14.7604166666666,2,6
57,4.38003715697487,0.123586605393428,16.65625,2,6
60,2.62922342055624,0.264594716956186,10.71875,2,5
62,2.30717454532785,-1.83290094253983,9.80208333333331,2,4
61,2.07906647134975,-0.440445840857602,10.71875,2,4
63,0.894454037264981,0.564236954027047,11.9479166666666,2,5
42,4.38014987466102,0.65236702375377,15.7604166666666,2,1
43,3.39832659823713,-0.986852273163289,11.9479166666666,2,1
44,5.17507570969,3.77217149207978,17.6979166666666,2,1
46,3.98302186357783,1.12826940027808,15.7604166666666,2,3
48,4.7680625457521,1.60417177680238,16.65625,2,3
49,4.41746616971326,0.969635274769974,16.65625,2,3
47,4.7951539793951,1.97431806965462,16.65625,2,3
51,3.82698785623157,0.634741009808425,14.7604166666666,2,1
12,3.47803495838674,0.000204507776015175,11.9479166666666,4,5
10,3.26823725440592,-0.0350475201146743,10.71875,4,5
11,3.46870025476374,1.04013933055135,10.71875,4,5
14,4.23616236089026,0.282220730901531,15.7604166666666,4,6
15,4.47932347612212,1.18114744211411,15.7604166666666,4,6
13,4.2151895719143,0.405602828518944,14.7604166666666,4,6
16,4.43850148160186,0.546610940081702,15.7604166666666,4,3
17,4.03577927684939,0.68761905164446,14.7604166666666,4,3
20,4.83915871734246,1.62179779074773,17.6979166666666,4,1
21,4.65927951163512,0.969635274769974,16.65625,4,1
18,4.7171497473508,1.55129373496635,17.6979166666666,4,1
19,5.02051301505266,1.70992786047445,17.6979166666666,4,1
23,2.83333098419517,-1.02210430105398,11.9479166666666,4,4
22,3.5375331716193,0.246968703010841,11.9479166666666,4,4
91,3.44019371066884,1.12826940027808,11.9479166666666,2,2
88,1.78641186290146,-0.704836050037773,6.6875,2,2
92,1.42695634283878,0.440854856409633,10.71875,2,5
93,1.80484020876659,-0.757714091873807,6.6875,2,3
94,3.69199958145018,1.7275538744198,11.9479166666666,2,3
95,3.04846702853786,0.458480870354978,10.71875,2,4
98,0.971536206100134,-0.176055631677432,3.82291666666663,2,1
97,3.06455846448384,1.33978156762221,10.71875,2,1
99,3.48991008834709,-1.1102343707807,11.9479166666666,2,4
100,4.19828406872448,0.476106884300323,15.7604166666666,2,3
88,3.73406790178739,-1.07498234289001,11.9479166666666,2,6
89,4.1661224408628,1.09301737238739,15.7604166666666,2,6
90,4.13702083650254,1.26927751184083,13.8020833333333,2,6
24,4.22840914600828,-1.21599045445277,16.65625,4,6
27,3.24259235148552,-0.405193812966913,11.9479166666666,4,6
25,4.31918001479718,-0.510949896638981,17.6979166666666,4,6
26,4.53080218002851,-0.54620192452967,16.65625,4,6
1,3.26319888350486,-0.563827938475015,11.9479166666666,4,2
2,3.25300668358435,1.51604170707566,9.80208333333331,4,3
66,3.22270847088838,0.0178305217213599,11.9479166666666,4,4
68,3.20785532158474,-0.88109618949122,11.9479166666666,4,4
67,2.37350943133074,-0.246559687458811,11.9479166666666,4,4
69,4.04767215402367,2.3973424043429,16.65625,4,1
70,4.79070324704402,0.211716675120152,16.65625,4,1
72,2.59181596543568,-0.898722203436565,11.9479166666666,4,2
71,1.51116334316576,0.0530825496120494,6.6875,4,2
73,2.67463129155677,-0.264185701404155,10.71875,4,5
75,2.62879052011658,1.32215555367687,14.7604166666666,4,1
74,1.42815581521481,1.35740758156756,17.6979166666666,4,1
64,1.61003773250607,0.282220730901531,11.9479166666666,4,4
65,4.68374104178812,-0.528575910584326,16.65625,4,6
79,3.80479407871029,-1.21599045445277,14.7604166666666,4,1
80,4.16332632253621,1.04013933055135,14.7604166666666,4,1
81,3.5599659540206,0.000204507776015175,11.9479166666666,4,6
82,1.87610061766181,0.0354565356667046,7.96875,4,5
84,3.40336170449153,0.211716675120152,10.8541666666666,4,4
83,3.57973400685314,0.405602828518944,14.7604166666666,4,4
85,4.89422132084611,1.42791163734894,16.65625,4,3
86,3.19310663297424,0.158838633284118,11.9479166666666,4,2
87,3.2618969994184,-0.228933673513466,11.9479166666666,4,2
76,3.84519920836889,-0.158429617732087,14.7604166666666,4,5
78,1.03673688495002,0.528984926136357,0.96875,4,6
77,3.59602375959458,0.669993037699115,11.9479166666666,4,6
3,2.22310889149225,-0.246559687458811,5.96875,3,4
8,2.21484617868604,0.811001149261873,5.96875,3,2
9,1.86872051036418,-0.986852273163289,5.96875,3,2
4,2.49295748797771,0.722871079535149,7.82291666666669,3,2
5,0.633397176154171,0.246968703010841,3.82291666666669,3,2
6,2.14159440690192,0.211716675120152,5.96875,3,2
7,2.15547622795583,-1.35699856601553,5.96875,3,2
12,2.08467780847508,0.000204507776015175,5.96875,3,5
10,1.97004511490044,-0.0350475201146743,4.73958333333337,3,5
11,2.11239264181952,1.04013933055135,4.73958333333337,3,5
14,2.95943129382766,0.282220730901531,9.78125,3,6
15,3.09058780456667,1.18114744211411,9.78125,3,6
13,2.86180080090813,0.405602828518944,8.78125,3,6
16,3.08172646672085,0.546610940081702,9.78125,3,3
17,2.67800327974991,0.68761905164446,8.78125,3,3
20,3.6678856176097,1.62179779074773,11.71875,3,1
21,3.43091798311124,0.969635274769974,10.6770833333334,3,1
18,3.48077844433249,1.55129373496635,11.71875,3,1
19,3.87093014089259,1.70992786047445,11.71875,3,1
23,1.65593974608552,-1.02210430105398,5.96875,3,4
22,2.28023722933014,0.246968703010841,5.96875,3,4
24,2.92643578455133,-1.21599045445277,10.6770833333334,3,6
27,1.98375629154543,-0.405193812966913,5.96875,3,6
25,2.94769682451543,-0.510949896638981,11.71875,3,6
26,3.16716138918152,-0.54620192452967,10.6770833333334,3,6
1,1.99728201178486,-0.563827938475015,5.96875,3,2
2,1.90165966492791,1.51604170707566,3.82291666666669,3,3
66,1.99470031322475,0.0178305217213599,5.96875,3,4
68,1.95727390770563,-0.88109618949122,5.96875,3,4
67,1.22964055107451,-0.246559687458811,5.96875,3,4
69,3.53686399308369,2.3973424043429,10.6770833333334,3,1
70,3.18163075883829,0.211716675120152,10.6770833333334,3,1
72,1.38103053144479,-0.898722203436565,5.96875,3,2
73,1.40756649639543,-0.264185701404155,4.73958333333337,3,5
75,1.39302168186932,1.32215555367687,8.78125,3,1
64,0.297879897428227,0.282220730901531,5.96875,3,4
65,3.41798894430199,-0.528575910584326,10.6770833333334,3,6
91,2.18413933778756,1.12826940027808,5.96875,3,2
88,0.22872792960811,-0.704836050037773,0.708333333333371,3,2
92,1.01450577937111,0.440854856409633,4.73958333333337,3,5
93,0.391366183728663,-0.757714091873807,0.708333333333371,3,3
94,2.47013136420585,1.7275538744198,5.96875,3,3
95,1.81482474215905,0.458480870354978,4.73958333333337,3,4
96,-0.70117935225721,-1.76239688675846,0.708333333333371,3,4
97,1.85489075066814,1.33978156762221,4.73958333333337,3,1
99,2.1707665183732,-1.1102343707807,5.96875,3,4
100,2.90662779847117,0.476106884300323,9.78125,3,3
88,2.30558060197384,-1.07498234289001,5.96875,3,6
89,2.94701460675656,1.09301737238739,9.78125,3,6
90,2.78402309986544,1.26927751184083,7.82291666666669,3,6
3,2.58309148169673,-0.246559687458811,8.14583333333331,3,4
8,2.4842397608003,0.811001149261873,8.14583333333331,3,2
9,2.159061082908,-0.986852273163289,8.14583333333331,3,2
4,2.82784602455629,0.722871079535149,10,3,2
5,0.416734700366395,0.246968703010841,6,3,2
6,2.4747721353074,0.211716675120152,8.14583333333331,3,2
7,2.47308707298266,-1.35699856601553,8.14583333333331,3,2
12,2.53401422389503,0.000204507776015175,8.14583333333331,3,5
10,2.35261258659369,-0.0350475201146743,6.91666666666669,3,5
11,2.54733356806064,1.04013933055135,6.91666666666669,3,5
14,3.39608433227533,0.282220730901531,11.9583333333333,3,6
15,3.59239608639371,1.18114744211411,11.9583333333333,3,6
13,3.35028997772159,0.405602828518944,10.9583333333333,3,6
16,3.54861113355098,0.546610940081702,11.9583333333333,3,3
17,3.16812974915025,0.68761905164446,10.9583333333333,3,3
20,4.0858586585718,1.62179779074773,13.8958333333333,3,1
21,3.84566950487813,0.969635274769974,12.8541666666667,3,1
18,3.93607150818529,1.55129373496635,13.8958333333333,3,1
19,4.29445146241793,1.70992786047445,13.8958333333333,3,1
23,2.04523822033834,-1.02210430105398,8.14583333333331,3,4
22,2.70691622506101,0.246968703010841,8.14583333333331,3,4
24,3.41164263952369,-1.21599045445277,12.8541666666667,3,6
27,2.40541240279352,-0.405193812966913,8.14583333333331,3,6
25,3.5019472847623,-0.510949896638981,13.8958333333333,3,6
26,3.63532043701937,-0.54620192452967,12.8541666666667,3,6
1,2.38351971049004,-0.563827938475015,8.14583333333331,3,2
2,2.41394756084751,1.51604170707566,6,3,3
50,2.20794468883992,-0.599079966365705,8.14583333333331,3,2
52,2.56794486644134,1.04013933055135,8.14583333333331,3,2
45,1.90954250488444,0.440854856409633,8.14583333333331,3,2
46,2.46334247187216,-0.052673534060019,8.14583333333331,3,2
54,2.12046351620276,0.211716675120152,8.14583333333331,3,4
53,1.2047724844965,-0.599079966365705,2.88541666666669,3,4
55,2.61600800893798,-0.563827938475015,10,3,6
56,3.34723385871873,1.44553765129428,11.9583333333333,3,6
58,3.37936068705298,0.95200926082463,11.9583333333333,3,6
59,2.72503841413107,0.546610940081702,10.9583333333333,3,6
57,3.50200756022116,0.123586605393428,12.8541666666667,3,6
60,1.66600726392199,0.264594716956186,6.91666666666669,3,5
62,1.2501882281229,-1.83290094253983,6,3,4
61,1.1125151938371,-0.440445840857602,6.91666666666669,3,4
63,0.637634470629686,0.564236954027047,8.14583333333331,3,5
42,3.48605922784264,0.65236702375377,11.9583333333333,3,1
43,2.52820557418315,-0.986852273163289,8.14583333333331,3,1
44,4.42216039241353,3.77217149207978,13.8958333333333,3,1
46,3.08671492126586,1.12826940027808,11.9583333333333,3,3
48,4.00658745269762,1.60417177680238,12.8541666666667,3,3
49,3.6567694001957,0.969635274769974,12.8541666666667,3,3
47,4.02452992460641,1.97431806965462,12.8541666666667,3,3
51,2.93178024706147,0.634741009808425,10.9583333333333,3,1
91,2.55606384410433,1.12826940027808,8.14583333333331,3,2
88,0.907451783206951,-0.704836050037773,2.88541666666669,3,2
92,0.877134016672961,0.440854856409633,6.91666666666669,3,5
93,0.848440064965981,-0.757714091873807,2.88541666666669,3,3
94,2.85819285953193,1.7275538744198,8.14583333333331,3,3
95,2.15292431843964,0.458480870354978,6.91666666666669,3,4
97,2.22397469241213,1.33978156762221,6.91666666666669,3,1
99,2.54403996407951,-1.1102343707807,8.14583333333331,3,4
100,3.3484293161235,0.476106884300323,11.9583333333333,3,3
88,2.7443821303496,-1.07498234289001,8.14583333333331,3,6
89,3.31806936375459,1.09301737238739,11.9583333333333,3,6
90,3.2429438522019,1.26927751184083,10,3,6
28,3.01249105736895,-0.510949896638981,13.8020833333333,3,5
29,2.88284349147537,-0.863470175545876,11.9479166666666,3,5
34,4.4118402588145,0.68761905164446,17.6979166666666,3,5
35,2.64730890581302,-0.845844161600531,10.71875,3,5
36,3.29709533306164,-0.458071854802947,11.9479166666666,3,3
37,0.963555924341269,1.67467583258376,9.80208333333331,3,1
38,4.1402734941105,0.775749121371183,15.7604166666666,3,1
39,3.28847651159804,0.775749121371183,11.9479166666666,3,1
40,4.37831977274255,-0.123177589841398,15.7604166666666,3,4
41,3.43572762455898,-0.211307659568122,11.9479166666666,3,4
28,2.90120178970776,-0.387567799021568,10.71875,3,4
33,4.74976391472107,-1.1102343707807,17.6979166666666,3,2
30,3.40029697641899,0.405602828518944,11.9479166666666,3,2
31,2.94575390374775,0.335098772737565,10.71875,3,2
32,3.34466230292028,-0.140803603786743,13.8020833333333,3,2
50,3.11324860698183,-0.599079966365705,11.9479166666666,3,2
52,3.42328497812616,1.04013933055135,11.9479166666666,3,2
45,2.78055689188896,0.440854856409633,11.9479166666666,3,2
46,3.39208936263143,-0.052673534060019,11.9479166666666,3,2
48,1.27284566861231,-0.176055631677432,3.82291666666663,3,2
54,2.9091389909689,0.211716675120152,11.9479166666666,3,4
53,2.07342346935427,-0.599079966365705,6.6875,3,4
55,3.55423315449724,-0.563827938475015,13.8020833333333,3,6
56,4.22985108632294,1.44553765129428,15.7604166666666,3,6
58,4.27278359175183,0.95200926082463,15.7604166666666,3,6
59,3.66949274031375,0.546610940081702,14.7604166666666,3,6
57,4.37503978337431,0.123586605393428,16.65625,3,6
60,2.62350849922563,0.264594716956186,10.71875,3,5
62,2.27736984385298,-1.83290094253983,9.80208333333331,3,4
61,2.04820883924874,-0.440445840857602,10.71875,3,4
63,0.921875110168056,0.564236954027047,11.9479166666666,3,5
42,4.37957362851281,0.65236702375377,15.7604166666666,3,1
43,3.38204854060117,-0.986852273163289,11.9479166666666,3,1
44,5.17257272122096,3.77217149207978,17.6979166666666,3,1
46,3.99518699068888,1.12826940027808,15.7604166666666,3,3
48,4.75603547482382,1.60417177680238,16.65625,3,3
49,4.4076456472915,0.969635274769974,16.65625,3,3
47,4.788524542594,1.97431806965462,16.65625,3,3
51,3.82445874835576,0.634741009808425,14.7604166666666,3,1
79,3.82161678155213,-1.21599045445277,14.7604166666666,3,1
80,4.16966846150339,1.04013933055135,14.7604166666666,3,1
81,3.57859014521936,0.000204507776015175,11.9479166666666,3,6
82,1.92527002830223,0.0354565356667046,7.96875,3,5
84,3.41565897360316,0.211716675120152,10.8541666666666,3,4
83,3.58706818796725,0.405602828518944,14.7604166666666,3,4
85,4.91296366158929,1.42791163734894,16.65625,3,3
86,3.21935570970505,0.158838633284118,11.9479166666666,3,2
87,3.28398918075661,-0.228933673513466,11.9479166666666,3,2
76,3.86285376942006,-0.158429617732087,14.7604166666666,3,5
78,1.07602578999531,0.528984926136357,0.96875,3,6
77,3.60277675506052,0.669993037699115,11.9479166666666,3,6
